54|fully covered|org.apache.hc.client5.http.impl.cache.TestAsynchronousValidator#testSchedulingStrategyShutdownOnClose#206|org.apache.hc.client5.http.impl.cache.TestAsynchronousValidator#testRevalidateCacheEntryProperlyCollapsesRequest#134|org.apache.hc.client5.http.impl.cache.TestAsynchronousValidator#testRevalidateCacheEntrySchedulesExecutionAndPopulatesIdentifier#86|org.apache.hc.client5.http.impl.cache.TestAsynchronousValidator#testRevalidateCacheEntryEndToEnd#182|org.apache.hc.client5.http.impl.cache.TestAsynchronousValidator#testRevalidateCacheEntryDoesNotPopulateIdentifierOnRejectedExecutionException#119|org.apache.hc.client5.http.impl.cache.TestAsynchronousValidator#testMarkCompleteRemovesIdentifier#100|org.apache.hc.client5.http.impl.cache.TestAsynchronousValidator#testVariantsBothRevalidated#149|org.apache.hc.client5.http.impl.cache.TestCachingExecChain#setUp#140x62|org.apache.hc.client5.http.impl.cache.TestCachingHttpClientBuilder#testNullCacheConfig#45|org.apache.hc.client5.http.impl.cache.TestExponentialBackingOffSchedulingStrategy#testScheduleWithFiveFailedAttempts#119|org.apache.hc.client5.http.impl.cache.TestExponentialBackingOffSchedulingStrategy#testScheduleWithThreeFailedAttempts#97|org.apache.hc.client5.http.impl.cache.TestExponentialBackingOffSchedulingStrategy#testScheduleWithSixFailedAttempts#130|org.apache.hc.client5.http.impl.cache.TestExponentialBackingOffSchedulingStrategy#testScheduleWithOneFailedAttempt#75|org.apache.hc.client5.http.impl.cache.TestExponentialBackingOffSchedulingStrategy#testScheduleWithFourFailedAttempts#108|org.apache.hc.client5.http.impl.cache.TestExponentialBackingOffSchedulingStrategy#testScheduleWithMaxNumberOfFailedAttempts#141|org.apache.hc.client5.http.impl.cache.TestExponentialBackingOffSchedulingStrategy#testScheduleWithTwoFailedAttempts#86|org.apache.hc.client5.http.impl.cache.TestExponentialBackingOffSchedulingStrategy#testScheduleWithoutPreviousError#64|org.apache.hc.client5.http.impl.cache.TestRFC5861Compliance#testStaleWhileRevalidateReturnsStaleEntryWithWarning#335|org.apache.hc.client5.http.impl.cache.TestRFC5861Compliance#testHTTPCLIENT1470#371|org.apache.hc.client5.http.impl.cache.TestRFC5861Compliance#testCanAlsoServeStale304sWhileRevalidating#423|org.apache.hc.client5.http.impl.cache.TestRFC5861Compliance#testStaleWhileRevalidateReturnsStaleNonRevalidatableEntryWithWarning#380|org.apache.hc.client5.http.impl.cache.TestStaleWhileRevalidationReleasesConnection#start#111
67|fully covered|org.apache.hc.client5.http.impl.cache.TestCachingExecChain#setUp#140x62|org.apache.hc.client5.http.impl.cache.TestRFC5861Compliance#testStaleWhileRevalidateReturnsStaleEntryWithWarning#335|org.apache.hc.client5.http.impl.cache.TestRFC5861Compliance#testHTTPCLIENT1470#371|org.apache.hc.client5.http.impl.cache.TestRFC5861Compliance#testCanAlsoServeStale304sWhileRevalidating#423|org.apache.hc.client5.http.impl.cache.TestRFC5861Compliance#testStaleWhileRevalidateReturnsStaleNonRevalidatableEntryWithWarning#380
68|fully covered|org.apache.hc.client5.http.impl.cache.TestCachingExecChain#setUp#140x62|org.apache.hc.client5.http.impl.cache.TestRFC5861Compliance#testStaleWhileRevalidateReturnsStaleEntryWithWarning#335|org.apache.hc.client5.http.impl.cache.TestRFC5861Compliance#testHTTPCLIENT1470#371|org.apache.hc.client5.http.impl.cache.TestRFC5861Compliance#testCanAlsoServeStale304sWhileRevalidating#423|org.apache.hc.client5.http.impl.cache.TestRFC5861Compliance#testStaleWhileRevalidateReturnsStaleNonRevalidatableEntryWithWarning#380
77|fully covered|org.apache.hc.client5.http.impl.cache.TestAsynchronousValidator#testSchedulingStrategyShutdownOnClose#206|org.apache.hc.client5.http.impl.cache.TestAsynchronousValidator#testRevalidateCacheEntryProperlyCollapsesRequest#134|org.apache.hc.client5.http.impl.cache.TestAsynchronousValidator#testRevalidateCacheEntrySchedulesExecutionAndPopulatesIdentifier#86|org.apache.hc.client5.http.impl.cache.TestAsynchronousValidator#testRevalidateCacheEntryEndToEnd#182|org.apache.hc.client5.http.impl.cache.TestAsynchronousValidator#testRevalidateCacheEntryDoesNotPopulateIdentifierOnRejectedExecutionException#119|org.apache.hc.client5.http.impl.cache.TestAsynchronousValidator#testMarkCompleteRemovesIdentifier#100|org.apache.hc.client5.http.impl.cache.TestAsynchronousValidator#testVariantsBothRevalidated#149|org.apache.hc.client5.http.impl.cache.TestCachingExecChain#setUp#140x62|org.apache.hc.client5.http.impl.cache.TestCachingHttpClientBuilder#testNullCacheConfig#45|org.apache.hc.client5.http.impl.cache.TestExponentialBackingOffSchedulingStrategy#testScheduleWithFiveFailedAttempts#119|org.apache.hc.client5.http.impl.cache.TestExponentialBackingOffSchedulingStrategy#testScheduleWithThreeFailedAttempts#97|org.apache.hc.client5.http.impl.cache.TestExponentialBackingOffSchedulingStrategy#testScheduleWithSixFailedAttempts#130|org.apache.hc.client5.http.impl.cache.TestExponentialBackingOffSchedulingStrategy#testScheduleWithOneFailedAttempt#75|org.apache.hc.client5.http.impl.cache.TestExponentialBackingOffSchedulingStrategy#testScheduleWithFourFailedAttempts#108|org.apache.hc.client5.http.impl.cache.TestExponentialBackingOffSchedulingStrategy#testScheduleWithMaxNumberOfFailedAttempts#141|org.apache.hc.client5.http.impl.cache.TestExponentialBackingOffSchedulingStrategy#testScheduleWithTwoFailedAttempts#86|org.apache.hc.client5.http.impl.cache.TestExponentialBackingOffSchedulingStrategy#testScheduleWithoutPreviousError#64|org.apache.hc.client5.http.impl.cache.TestRFC5861Compliance#testStaleWhileRevalidateReturnsStaleEntryWithWarning#335|org.apache.hc.client5.http.impl.cache.TestRFC5861Compliance#testHTTPCLIENT1470#371|org.apache.hc.client5.http.impl.cache.TestRFC5861Compliance#testCanAlsoServeStale304sWhileRevalidating#423|org.apache.hc.client5.http.impl.cache.TestRFC5861Compliance#testStaleWhileRevalidateReturnsStaleNonRevalidatableEntryWithWarning#380|org.apache.hc.client5.http.impl.cache.TestStaleWhileRevalidationReleasesConnection#start#111
78|fully covered|org.apache.hc.client5.http.impl.cache.TestAsynchronousValidator#testSchedulingStrategyShutdownOnClose#206|org.apache.hc.client5.http.impl.cache.TestAsynchronousValidator#testRevalidateCacheEntryProperlyCollapsesRequest#134|org.apache.hc.client5.http.impl.cache.TestAsynchronousValidator#testRevalidateCacheEntrySchedulesExecutionAndPopulatesIdentifier#86|org.apache.hc.client5.http.impl.cache.TestAsynchronousValidator#testRevalidateCacheEntryEndToEnd#182|org.apache.hc.client5.http.impl.cache.TestAsynchronousValidator#testRevalidateCacheEntryDoesNotPopulateIdentifierOnRejectedExecutionException#119|org.apache.hc.client5.http.impl.cache.TestAsynchronousValidator#testMarkCompleteRemovesIdentifier#100|org.apache.hc.client5.http.impl.cache.TestAsynchronousValidator#testVariantsBothRevalidated#149|org.apache.hc.client5.http.impl.cache.TestCachingExecChain#setUp#140x62|org.apache.hc.client5.http.impl.cache.TestCachingHttpClientBuilder#testNullCacheConfig#45|org.apache.hc.client5.http.impl.cache.TestExponentialBackingOffSchedulingStrategy#testScheduleWithFiveFailedAttempts#119|org.apache.hc.client5.http.impl.cache.TestExponentialBackingOffSchedulingStrategy#testScheduleWithThreeFailedAttempts#97|org.apache.hc.client5.http.impl.cache.TestExponentialBackingOffSchedulingStrategy#testScheduleWithSixFailedAttempts#130|org.apache.hc.client5.http.impl.cache.TestExponentialBackingOffSchedulingStrategy#testScheduleWithOneFailedAttempt#75|org.apache.hc.client5.http.impl.cache.TestExponentialBackingOffSchedulingStrategy#testScheduleWithFourFailedAttempts#108|org.apache.hc.client5.http.impl.cache.TestExponentialBackingOffSchedulingStrategy#testScheduleWithMaxNumberOfFailedAttempts#141|org.apache.hc.client5.http.impl.cache.TestExponentialBackingOffSchedulingStrategy#testScheduleWithTwoFailedAttempts#86|org.apache.hc.client5.http.impl.cache.TestExponentialBackingOffSchedulingStrategy#testScheduleWithoutPreviousError#64|org.apache.hc.client5.http.impl.cache.TestRFC5861Compliance#testStaleWhileRevalidateReturnsStaleEntryWithWarning#335|org.apache.hc.client5.http.impl.cache.TestRFC5861Compliance#testHTTPCLIENT1470#371|org.apache.hc.client5.http.impl.cache.TestRFC5861Compliance#testCanAlsoServeStale304sWhileRevalidating#423|org.apache.hc.client5.http.impl.cache.TestRFC5861Compliance#testStaleWhileRevalidateReturnsStaleNonRevalidatableEntryWithWarning#380|org.apache.hc.client5.http.impl.cache.TestStaleWhileRevalidationReleasesConnection#start#111
79|fully covered|org.apache.hc.client5.http.impl.cache.TestAsynchronousValidator#testSchedulingStrategyShutdownOnClose#206|org.apache.hc.client5.http.impl.cache.TestAsynchronousValidator#testRevalidateCacheEntryProperlyCollapsesRequest#134|org.apache.hc.client5.http.impl.cache.TestAsynchronousValidator#testRevalidateCacheEntrySchedulesExecutionAndPopulatesIdentifier#86|org.apache.hc.client5.http.impl.cache.TestAsynchronousValidator#testRevalidateCacheEntryEndToEnd#182|org.apache.hc.client5.http.impl.cache.TestAsynchronousValidator#testRevalidateCacheEntryDoesNotPopulateIdentifierOnRejectedExecutionException#119|org.apache.hc.client5.http.impl.cache.TestAsynchronousValidator#testMarkCompleteRemovesIdentifier#100|org.apache.hc.client5.http.impl.cache.TestAsynchronousValidator#testVariantsBothRevalidated#149|org.apache.hc.client5.http.impl.cache.TestCachingExecChain#setUp#140x62|org.apache.hc.client5.http.impl.cache.TestCachingHttpClientBuilder#testNullCacheConfig#45|org.apache.hc.client5.http.impl.cache.TestExponentialBackingOffSchedulingStrategy#testScheduleWithFiveFailedAttempts#119|org.apache.hc.client5.http.impl.cache.TestExponentialBackingOffSchedulingStrategy#testScheduleWithThreeFailedAttempts#97|org.apache.hc.client5.http.impl.cache.TestExponentialBackingOffSchedulingStrategy#testScheduleWithSixFailedAttempts#130|org.apache.hc.client5.http.impl.cache.TestExponentialBackingOffSchedulingStrategy#testScheduleWithOneFailedAttempt#75|org.apache.hc.client5.http.impl.cache.TestExponentialBackingOffSchedulingStrategy#testScheduleWithFourFailedAttempts#108|org.apache.hc.client5.http.impl.cache.TestExponentialBackingOffSchedulingStrategy#testScheduleWithMaxNumberOfFailedAttempts#141|org.apache.hc.client5.http.impl.cache.TestExponentialBackingOffSchedulingStrategy#testScheduleWithTwoFailedAttempts#86|org.apache.hc.client5.http.impl.cache.TestExponentialBackingOffSchedulingStrategy#testScheduleWithoutPreviousError#64|org.apache.hc.client5.http.impl.cache.TestRFC5861Compliance#testStaleWhileRevalidateReturnsStaleEntryWithWarning#335|org.apache.hc.client5.http.impl.cache.TestRFC5861Compliance#testHTTPCLIENT1470#371|org.apache.hc.client5.http.impl.cache.TestRFC5861Compliance#testCanAlsoServeStale304sWhileRevalidating#423|org.apache.hc.client5.http.impl.cache.TestRFC5861Compliance#testStaleWhileRevalidateReturnsStaleNonRevalidatableEntryWithWarning#380|org.apache.hc.client5.http.impl.cache.TestStaleWhileRevalidationReleasesConnection#start#111
80|fully covered|org.apache.hc.client5.http.impl.cache.TestAsynchronousValidator#testSchedulingStrategyShutdownOnClose#206|org.apache.hc.client5.http.impl.cache.TestAsynchronousValidator#testRevalidateCacheEntryProperlyCollapsesRequest#134|org.apache.hc.client5.http.impl.cache.TestAsynchronousValidator#testRevalidateCacheEntrySchedulesExecutionAndPopulatesIdentifier#86|org.apache.hc.client5.http.impl.cache.TestAsynchronousValidator#testRevalidateCacheEntryEndToEnd#182|org.apache.hc.client5.http.impl.cache.TestAsynchronousValidator#testRevalidateCacheEntryDoesNotPopulateIdentifierOnRejectedExecutionException#119|org.apache.hc.client5.http.impl.cache.TestAsynchronousValidator#testMarkCompleteRemovesIdentifier#100|org.apache.hc.client5.http.impl.cache.TestAsynchronousValidator#testVariantsBothRevalidated#149|org.apache.hc.client5.http.impl.cache.TestCachingExecChain#setUp#140x62|org.apache.hc.client5.http.impl.cache.TestCachingHttpClientBuilder#testNullCacheConfig#45|org.apache.hc.client5.http.impl.cache.TestExponentialBackingOffSchedulingStrategy#testScheduleWithFiveFailedAttempts#119|org.apache.hc.client5.http.impl.cache.TestExponentialBackingOffSchedulingStrategy#testScheduleWithThreeFailedAttempts#97|org.apache.hc.client5.http.impl.cache.TestExponentialBackingOffSchedulingStrategy#testScheduleWithSixFailedAttempts#130|org.apache.hc.client5.http.impl.cache.TestExponentialBackingOffSchedulingStrategy#testScheduleWithOneFailedAttempt#75|org.apache.hc.client5.http.impl.cache.TestExponentialBackingOffSchedulingStrategy#testScheduleWithFourFailedAttempts#108|org.apache.hc.client5.http.impl.cache.TestExponentialBackingOffSchedulingStrategy#testScheduleWithMaxNumberOfFailedAttempts#141|org.apache.hc.client5.http.impl.cache.TestExponentialBackingOffSchedulingStrategy#testScheduleWithTwoFailedAttempts#86|org.apache.hc.client5.http.impl.cache.TestExponentialBackingOffSchedulingStrategy#testScheduleWithoutPreviousError#64|org.apache.hc.client5.http.impl.cache.TestRFC5861Compliance#testStaleWhileRevalidateReturnsStaleEntryWithWarning#335|org.apache.hc.client5.http.impl.cache.TestRFC5861Compliance#testHTTPCLIENT1470#371|org.apache.hc.client5.http.impl.cache.TestRFC5861Compliance#testCanAlsoServeStale304sWhileRevalidating#423|org.apache.hc.client5.http.impl.cache.TestRFC5861Compliance#testStaleWhileRevalidateReturnsStaleNonRevalidatableEntryWithWarning#380|org.apache.hc.client5.http.impl.cache.TestStaleWhileRevalidationReleasesConnection#start#111
81|fully covered|org.apache.hc.client5.http.impl.cache.TestAsynchronousValidator#testSchedulingStrategyShutdownOnClose#206|org.apache.hc.client5.http.impl.cache.TestAsynchronousValidator#testRevalidateCacheEntryProperlyCollapsesRequest#134|org.apache.hc.client5.http.impl.cache.TestAsynchronousValidator#testRevalidateCacheEntrySchedulesExecutionAndPopulatesIdentifier#86|org.apache.hc.client5.http.impl.cache.TestAsynchronousValidator#testRevalidateCacheEntryEndToEnd#182|org.apache.hc.client5.http.impl.cache.TestAsynchronousValidator#testRevalidateCacheEntryDoesNotPopulateIdentifierOnRejectedExecutionException#119|org.apache.hc.client5.http.impl.cache.TestAsynchronousValidator#testMarkCompleteRemovesIdentifier#100|org.apache.hc.client5.http.impl.cache.TestAsynchronousValidator#testVariantsBothRevalidated#149|org.apache.hc.client5.http.impl.cache.TestCachingExecChain#setUp#140x62|org.apache.hc.client5.http.impl.cache.TestCachingHttpClientBuilder#testNullCacheConfig#45|org.apache.hc.client5.http.impl.cache.TestExponentialBackingOffSchedulingStrategy#testScheduleWithFiveFailedAttempts#119|org.apache.hc.client5.http.impl.cache.TestExponentialBackingOffSchedulingStrategy#testScheduleWithThreeFailedAttempts#97|org.apache.hc.client5.http.impl.cache.TestExponentialBackingOffSchedulingStrategy#testScheduleWithSixFailedAttempts#130|org.apache.hc.client5.http.impl.cache.TestExponentialBackingOffSchedulingStrategy#testScheduleWithOneFailedAttempt#75|org.apache.hc.client5.http.impl.cache.TestExponentialBackingOffSchedulingStrategy#testScheduleWithFourFailedAttempts#108|org.apache.hc.client5.http.impl.cache.TestExponentialBackingOffSchedulingStrategy#testScheduleWithMaxNumberOfFailedAttempts#141|org.apache.hc.client5.http.impl.cache.TestExponentialBackingOffSchedulingStrategy#testScheduleWithTwoFailedAttempts#86|org.apache.hc.client5.http.impl.cache.TestExponentialBackingOffSchedulingStrategy#testScheduleWithoutPreviousError#64|org.apache.hc.client5.http.impl.cache.TestRFC5861Compliance#testStaleWhileRevalidateReturnsStaleEntryWithWarning#335|org.apache.hc.client5.http.impl.cache.TestRFC5861Compliance#testHTTPCLIENT1470#371|org.apache.hc.client5.http.impl.cache.TestRFC5861Compliance#testCanAlsoServeStale304sWhileRevalidating#423|org.apache.hc.client5.http.impl.cache.TestRFC5861Compliance#testStaleWhileRevalidateReturnsStaleNonRevalidatableEntryWithWarning#380|org.apache.hc.client5.http.impl.cache.TestStaleWhileRevalidationReleasesConnection#start#111
82|fully covered|org.apache.hc.client5.http.impl.cache.TestAsynchronousValidator#testSchedulingStrategyShutdownOnClose#206|org.apache.hc.client5.http.impl.cache.TestAsynchronousValidator#testRevalidateCacheEntryProperlyCollapsesRequest#134|org.apache.hc.client5.http.impl.cache.TestAsynchronousValidator#testRevalidateCacheEntrySchedulesExecutionAndPopulatesIdentifier#86|org.apache.hc.client5.http.impl.cache.TestAsynchronousValidator#testRevalidateCacheEntryEndToEnd#182|org.apache.hc.client5.http.impl.cache.TestAsynchronousValidator#testRevalidateCacheEntryDoesNotPopulateIdentifierOnRejectedExecutionException#119|org.apache.hc.client5.http.impl.cache.TestAsynchronousValidator#testMarkCompleteRemovesIdentifier#100|org.apache.hc.client5.http.impl.cache.TestAsynchronousValidator#testVariantsBothRevalidated#149|org.apache.hc.client5.http.impl.cache.TestCachingExecChain#setUp#140x62|org.apache.hc.client5.http.impl.cache.TestCachingHttpClientBuilder#testNullCacheConfig#45|org.apache.hc.client5.http.impl.cache.TestExponentialBackingOffSchedulingStrategy#testScheduleWithFiveFailedAttempts#119|org.apache.hc.client5.http.impl.cache.TestExponentialBackingOffSchedulingStrategy#testScheduleWithThreeFailedAttempts#97|org.apache.hc.client5.http.impl.cache.TestExponentialBackingOffSchedulingStrategy#testScheduleWithSixFailedAttempts#130|org.apache.hc.client5.http.impl.cache.TestExponentialBackingOffSchedulingStrategy#testScheduleWithOneFailedAttempt#75|org.apache.hc.client5.http.impl.cache.TestExponentialBackingOffSchedulingStrategy#testScheduleWithFourFailedAttempts#108|org.apache.hc.client5.http.impl.cache.TestExponentialBackingOffSchedulingStrategy#testScheduleWithMaxNumberOfFailedAttempts#141|org.apache.hc.client5.http.impl.cache.TestExponentialBackingOffSchedulingStrategy#testScheduleWithTwoFailedAttempts#86|org.apache.hc.client5.http.impl.cache.TestExponentialBackingOffSchedulingStrategy#testScheduleWithoutPreviousError#64|org.apache.hc.client5.http.impl.cache.TestRFC5861Compliance#testStaleWhileRevalidateReturnsStaleEntryWithWarning#335|org.apache.hc.client5.http.impl.cache.TestRFC5861Compliance#testHTTPCLIENT1470#371|org.apache.hc.client5.http.impl.cache.TestRFC5861Compliance#testCanAlsoServeStale304sWhileRevalidating#423|org.apache.hc.client5.http.impl.cache.TestRFC5861Compliance#testStaleWhileRevalidateReturnsStaleNonRevalidatableEntryWithWarning#380|org.apache.hc.client5.http.impl.cache.TestStaleWhileRevalidationReleasesConnection#start#111
86|fully covered|org.apache.hc.client5.http.impl.cache.TestAsynchronousValidator#testSchedulingStrategyShutdownOnClose#208|org.apache.hc.client5.http.impl.cache.TestStaleWhileRevalidationReleasesConnection#stop#125
87|fully covered|org.apache.hc.client5.http.impl.cache.TestAsynchronousValidator#testSchedulingStrategyShutdownOnClose#208|org.apache.hc.client5.http.impl.cache.TestStaleWhileRevalidationReleasesConnection#stop#125
100|fully covered|org.apache.hc.client5.http.impl.cache.TestAsynchronousValidator#testRevalidateCacheEntryProperlyCollapsesRequest#138,139|org.apache.hc.client5.http.impl.cache.TestAsynchronousValidator#testRevalidateCacheEntrySchedulesExecutionAndPopulatesIdentifier#90|org.apache.hc.client5.http.impl.cache.TestAsynchronousValidator#testRevalidateCacheEntryEndToEnd#188|org.apache.hc.client5.http.impl.cache.TestAsynchronousValidator#testRevalidateCacheEntryDoesNotPopulateIdentifierOnRejectedExecutionException#124|org.apache.hc.client5.http.impl.cache.TestAsynchronousValidator#testMarkCompleteRemovesIdentifier#104|org.apache.hc.client5.http.impl.cache.TestAsynchronousValidator#testVariantsBothRevalidated#165,166|org.apache.hc.client5.http.impl.cache.TestRFC5861Compliance#testStaleWhileRevalidateReturnsStaleEntryWithWarning#353|org.apache.hc.client5.http.impl.cache.TestRFC5861Compliance#testCanAlsoServeStale304sWhileRevalidating#442|org.apache.hc.client5.http.impl.cache.TestRFC5861Compliance#testStaleWhileRevalidateReturnsStaleNonRevalidatableEntryWithWarning#397|org.apache.hc.client5.http.impl.cache.TestStaleWhileRevalidationReleasesConnection#testStaleWhileRevalidate#170
102|fully covered|org.apache.hc.client5.http.impl.cache.TestRFC5861Compliance#testStaleWhileRevalidateReturnsStaleNonRevalidatableEntryWithWarning#397|org.apache.hc.client5.http.impl.cache.TestAsynchronousValidator#testRevalidateCacheEntryProperlyCollapsesRequest#138,139|org.apache.hc.client5.http.impl.cache.TestAsynchronousValidator#testRevalidateCacheEntryEndToEnd#188|org.apache.hc.client5.http.impl.cache.TestAsynchronousValidator#testMarkCompleteRemovesIdentifier#104|org.apache.hc.client5.http.impl.cache.TestAsynchronousValidator#testVariantsBothRevalidated#165,166|org.apache.hc.client5.http.impl.cache.TestRFC5861Compliance#testCanAlsoServeStale304sWhileRevalidating#442|org.apache.hc.client5.http.impl.cache.TestAsynchronousValidator#testRevalidateCacheEntryDoesNotPopulateIdentifierOnRejectedExecutionException#124|org.apache.hc.client5.http.impl.cache.TestAsynchronousValidator#testRevalidateCacheEntrySchedulesExecutionAndPopulatesIdentifier#90|org.apache.hc.client5.http.impl.cache.TestStaleWhileRevalidationReleasesConnection#testStaleWhileRevalidate#170|org.apache.hc.client5.http.impl.cache.TestRFC5861Compliance#testStaleWhileRevalidateReturnsStaleEntryWithWarning#353
103|fully covered|org.apache.hc.client5.http.impl.cache.TestAsynchronousValidator#testRevalidateCacheEntryProperlyCollapsesRequest#138|org.apache.hc.client5.http.impl.cache.TestAsynchronousValidator#testRevalidateCacheEntrySchedulesExecutionAndPopulatesIdentifier#90|org.apache.hc.client5.http.impl.cache.TestAsynchronousValidator#testRevalidateCacheEntryEndToEnd#188|org.apache.hc.client5.http.impl.cache.TestAsynchronousValidator#testRevalidateCacheEntryDoesNotPopulateIdentifierOnRejectedExecutionException#124|org.apache.hc.client5.http.impl.cache.TestAsynchronousValidator#testMarkCompleteRemovesIdentifier#104|org.apache.hc.client5.http.impl.cache.TestAsynchronousValidator#testVariantsBothRevalidated#165,166|org.apache.hc.client5.http.impl.cache.TestRFC5861Compliance#testStaleWhileRevalidateReturnsStaleEntryWithWarning#353|org.apache.hc.client5.http.impl.cache.TestRFC5861Compliance#testCanAlsoServeStale304sWhileRevalidating#442|org.apache.hc.client5.http.impl.cache.TestRFC5861Compliance#testStaleWhileRevalidateReturnsStaleNonRevalidatableEntryWithWarning#397|org.apache.hc.client5.http.impl.cache.TestStaleWhileRevalidationReleasesConnection#testStaleWhileRevalidate#170
104|fully covered|org.apache.hc.client5.http.impl.cache.TestAsynchronousValidator#testRevalidateCacheEntryProperlyCollapsesRequest#138|org.apache.hc.client5.http.impl.cache.TestAsynchronousValidator#testRevalidateCacheEntrySchedulesExecutionAndPopulatesIdentifier#90|org.apache.hc.client5.http.impl.cache.TestAsynchronousValidator#testRevalidateCacheEntryEndToEnd#188|org.apache.hc.client5.http.impl.cache.TestAsynchronousValidator#testRevalidateCacheEntryDoesNotPopulateIdentifierOnRejectedExecutionException#124|org.apache.hc.client5.http.impl.cache.TestAsynchronousValidator#testMarkCompleteRemovesIdentifier#104|org.apache.hc.client5.http.impl.cache.TestAsynchronousValidator#testVariantsBothRevalidated#165,166|org.apache.hc.client5.http.impl.cache.TestRFC5861Compliance#testStaleWhileRevalidateReturnsStaleEntryWithWarning#353|org.apache.hc.client5.http.impl.cache.TestRFC5861Compliance#testCanAlsoServeStale304sWhileRevalidating#442|org.apache.hc.client5.http.impl.cache.TestRFC5861Compliance#testStaleWhileRevalidateReturnsStaleNonRevalidatableEntryWithWarning#397|org.apache.hc.client5.http.impl.cache.TestStaleWhileRevalidationReleasesConnection#testStaleWhileRevalidate#170
109|fully covered|org.apache.hc.client5.http.impl.cache.TestAsynchronousValidator#testRevalidateCacheEntryProperlyCollapsesRequest#138|org.apache.hc.client5.http.impl.cache.TestAsynchronousValidator#testRevalidateCacheEntrySchedulesExecutionAndPopulatesIdentifier#90|org.apache.hc.client5.http.impl.cache.TestAsynchronousValidator#testRevalidateCacheEntryEndToEnd#188|org.apache.hc.client5.http.impl.cache.TestAsynchronousValidator#testRevalidateCacheEntryDoesNotPopulateIdentifierOnRejectedExecutionException#124|org.apache.hc.client5.http.impl.cache.TestAsynchronousValidator#testMarkCompleteRemovesIdentifier#104|org.apache.hc.client5.http.impl.cache.TestAsynchronousValidator#testVariantsBothRevalidated#165,166|org.apache.hc.client5.http.impl.cache.TestRFC5861Compliance#testStaleWhileRevalidateReturnsStaleEntryWithWarning#353|org.apache.hc.client5.http.impl.cache.TestRFC5861Compliance#testCanAlsoServeStale304sWhileRevalidating#442|org.apache.hc.client5.http.impl.cache.TestRFC5861Compliance#testStaleWhileRevalidateReturnsStaleNonRevalidatableEntryWithWarning#397|org.apache.hc.client5.http.impl.cache.TestStaleWhileRevalidationReleasesConnection#testStaleWhileRevalidate#170
110|fully covered|org.apache.hc.client5.http.impl.cache.TestAsynchronousValidator#testRevalidateCacheEntryProperlyCollapsesRequest#138|org.apache.hc.client5.http.impl.cache.TestAsynchronousValidator#testRevalidateCacheEntrySchedulesExecutionAndPopulatesIdentifier#90|org.apache.hc.client5.http.impl.cache.TestAsynchronousValidator#testRevalidateCacheEntryEndToEnd#188|org.apache.hc.client5.http.impl.cache.TestAsynchronousValidator#testMarkCompleteRemovesIdentifier#104|org.apache.hc.client5.http.impl.cache.TestAsynchronousValidator#testVariantsBothRevalidated#165,166|org.apache.hc.client5.http.impl.cache.TestRFC5861Compliance#testStaleWhileRevalidateReturnsStaleEntryWithWarning#353|org.apache.hc.client5.http.impl.cache.TestRFC5861Compliance#testCanAlsoServeStale304sWhileRevalidating#442|org.apache.hc.client5.http.impl.cache.TestRFC5861Compliance#testStaleWhileRevalidateReturnsStaleNonRevalidatableEntryWithWarning#397|org.apache.hc.client5.http.impl.cache.TestStaleWhileRevalidationReleasesConnection#testStaleWhileRevalidate#170
111|fully covered|org.apache.hc.client5.http.impl.cache.TestAsynchronousValidator#testRevalidateCacheEntryDoesNotPopulateIdentifierOnRejectedExecutionException#124
112|fully covered|org.apache.hc.client5.http.impl.cache.TestAsynchronousValidator#testRevalidateCacheEntryDoesNotPopulateIdentifierOnRejectedExecutionException#124
113|fully covered|org.apache.hc.client5.http.impl.cache.TestAsynchronousValidator#testRevalidateCacheEntryProperlyCollapsesRequest#138|org.apache.hc.client5.http.impl.cache.TestAsynchronousValidator#testRevalidateCacheEntrySchedulesExecutionAndPopulatesIdentifier#90|org.apache.hc.client5.http.impl.cache.TestAsynchronousValidator#testRevalidateCacheEntryEndToEnd#188|org.apache.hc.client5.http.impl.cache.TestAsynchronousValidator#testMarkCompleteRemovesIdentifier#104|org.apache.hc.client5.http.impl.cache.TestAsynchronousValidator#testVariantsBothRevalidated#165,166|org.apache.hc.client5.http.impl.cache.TestRFC5861Compliance#testStaleWhileRevalidateReturnsStaleEntryWithWarning#353|org.apache.hc.client5.http.impl.cache.TestRFC5861Compliance#testCanAlsoServeStale304sWhileRevalidating#442|org.apache.hc.client5.http.impl.cache.TestRFC5861Compliance#testStaleWhileRevalidateReturnsStaleNonRevalidatableEntryWithWarning#397|org.apache.hc.client5.http.impl.cache.TestStaleWhileRevalidationReleasesConnection#testStaleWhileRevalidate#170
115|fully covered|org.apache.hc.client5.http.impl.cache.TestAsynchronousValidator#testRevalidateCacheEntryProperlyCollapsesRequest#138,139|org.apache.hc.client5.http.impl.cache.TestAsynchronousValidator#testRevalidateCacheEntrySchedulesExecutionAndPopulatesIdentifier#90|org.apache.hc.client5.http.impl.cache.TestAsynchronousValidator#testRevalidateCacheEntryEndToEnd#188|org.apache.hc.client5.http.impl.cache.TestAsynchronousValidator#testRevalidateCacheEntryDoesNotPopulateIdentifierOnRejectedExecutionException#124|org.apache.hc.client5.http.impl.cache.TestAsynchronousValidator#testMarkCompleteRemovesIdentifier#104|org.apache.hc.client5.http.impl.cache.TestAsynchronousValidator#testVariantsBothRevalidated#165,166|org.apache.hc.client5.http.impl.cache.TestRFC5861Compliance#testStaleWhileRevalidateReturnsStaleEntryWithWarning#353|org.apache.hc.client5.http.impl.cache.TestRFC5861Compliance#testCanAlsoServeStale304sWhileRevalidating#442|org.apache.hc.client5.http.impl.cache.TestRFC5861Compliance#testStaleWhileRevalidateReturnsStaleNonRevalidatableEntryWithWarning#397|org.apache.hc.client5.http.impl.cache.TestStaleWhileRevalidationReleasesConnection#testStaleWhileRevalidate#170
125|fully covered|org.apache.hc.client5.http.impl.cache.TestAsynchronousValidator#testMarkCompleteRemovesIdentifier#112
126|fully covered|org.apache.hc.client5.http.impl.cache.TestAsynchronousValidator#testMarkCompleteRemovesIdentifier#112
149|fully covered|org.apache.hc.client5.http.impl.cache.TestAsynchronousValidator#testRevalidateCacheEntryProperlyCollapsesRequest#144|org.apache.hc.client5.http.impl.cache.TestAsynchronousValidator#testRevalidateCacheEntrySchedulesExecutionAndPopulatesIdentifier#95|org.apache.hc.client5.http.impl.cache.TestAsynchronousValidator#testRevalidateCacheEntryEndToEnd#200|org.apache.hc.client5.http.impl.cache.TestAsynchronousValidator#testRevalidateCacheEntryDoesNotPopulateIdentifierOnRejectedExecutionException#128|org.apache.hc.client5.http.impl.cache.TestAsynchronousValidator#testMarkCompleteRemovesIdentifier#110,114|org.apache.hc.client5.http.impl.cache.TestAsynchronousValidator#testVariantsBothRevalidated#172
