AntClassLoader.java,AntClassLoaderTest.java
antlib.xml,none
AntTypeDefinition.java,none
ArgumentProcessor.java,none
ArgumentProcessorRegistry.java,none
BuildEvent.java,none
BuildException.java,none
BuildListener.java,none
BuildLogger.java,none
ComponentHelper.java,none
DefaultDefinitions.java,none
DefaultLogger.java,DefaultLoggerTest.java
defaultManifest.mf,none
DemuxInputStream.java,none
DemuxOutputStream.java,none
Diagnostics.java,none
DirectoryScanner.java,DirectoryScannerTest.java
DynamicAttribute.java,none
DynamicAttributeNS.java,none
DynamicConfigurator.java,none
DynamicConfiguratorNS.java,none
DynamicElement.java,none
DynamicElementNS.java,none
DynamicObjectAttribute.java,none
Evaluable.java,none
Executor.java,ExecutorTest.java
ExitException.java,none
ExitStatusException.java,none
ExtensionPoint.java,none
FileScanner.java,none
IntrospectionHelper.java,IntrospectionHelperTest.java
Location.java,LocationTest.java
MagicNames.java,none
Main.java,none
NoBannerLogger.java,none
PathTokenizer.java,none
Project.java,ProjectTest.java
ProjectComponent.java,ProjectComponentTest.java
ProjectHelper.java,none
ProjectHelperRepository.java,ProjectHelperRepositoryTest.java
PropertyHelper.java,none
RuntimeConfigurable.java,none
SubBuildListener.java,none
Target.java,none
Task.java,none
TaskAdapter.java,none
TaskConfigurationChecker.java,none
TaskContainer.java,TaskContainerTest.java
TypeAdapter.java,TypeAdapterTest.java
UnknownElement.java,UnknownElementTest.java
UnsupportedAttributeException.java,none
UnsupportedElementException.java,none
version.txt,none
XmlLogger.java,none
AttributeNamespace.java,none
BaseIfAttribute.java,none
EnableAttribute.java,none
IfBlankAttribute.java,none
IfSetAttribute.java,none
IfTrueAttribute.java,none
Dispatchable.java,none
DispatchTask.java,DispatchTaskTest.java
DispatchUtils.java,none
BaseFilterReader.java,none
BaseParamFilterReader.java,none
ChainableReader.java,none
ClassConstants.java,none
ConcatFilter.java,ConcatFilterTest.java
EscapeUnicode.java,EscapeUnicodeTest.java
ExpandProperties.java,none
FixCrLfFilter.java,none
HeadFilter.java,none
LineContains.java,LineContainsTest.java
LineContainsRegExp.java,none
PrefixLines.java,none
ReplaceTokens.java,ReplaceTokensTest.java
SortFilter.java,none
StringInputStream.java,none
StripJavaComments.java,StripJavaCommentsTest.java
StripLineBreaks.java,none
StripLineComments.java,none
SuffixLines.java,none
TabsToSpaces.java,none
TailFilter.java,none
TokenFilter.java,TokenFilterTest.java
UniqFilter.java,none
ChainReaderHelper.java,none
JavaClassHelper.java,none
AntXMLContext.java,none
DefaultExecutor.java,none
IgnoreDependenciesExecutor.java,none
ProjectHelper2.java,none
ProjectHelperImpl.java,none
SingleCheckExecutor.java,none
DefaultInputHandler.java,none
GreedyInputHandler.java,none
InputHandler.java,none
InputRequest.java,none
MultipleChoiceInputRequest.java,none
PropertyFileInputHandler.java,none
SecureInputHandler.java,none
AntMain.java,none
Launcher.java,none
LaunchException.java,none
Locator.java,LocatorTest.java
AnsiColorLogger.java,none
BigProjectLogger.java,none
CommonsLoggingListener.java,none
defaults.properties,none
Log4jListener.java,none
MailLogger.java,none
ProfileLogger.java,none
SilentLogger.java,none
SimpleBigProjectLogger.java,none
TimestampedLogger.java,none
AntClassLoader2.java,none
AntClassLoader5.java,AntClassLoader5Test.java
GetProperty.java,none
LocalProperties.java,none
LocalPropertyStack.java,none
NullReturn.java,none
package.html,none
ParseNextProperty.java,none
ParseProperties.java,none
PropertyExpander.java,none
ResolvePropertyMap.java,none
AbstractCvsTask.java,AbstractCvsTaskTest.java
AbstractJarSignerTask.java,none
Ant.java,AntTest.java
Antlib.java,AntlibTest.java
AntlibDefinition.java,none
AntStructure.java,AntStructureTest.java
Apt.java,AptTest.java
AttributeNamespaceDef.java,none
AugmentReference.java,none
Available.java,AvailableTest.java
Basename.java,BasenameTest.java
BindTargets.java,none
BuildNumber.java,none
BUnzip2.java,BUnzip2Test.java
BZip2.java,BZip2Test.java
CallTarget.java,CallTargetTest.java
Checksum.java,ChecksumTest.java
Chmod.java,none
Classloader.java,none
CloseResources.java,none
CommandLauncherTask.java,none
Componentdef.java,none
Concat.java,ConcatTest.java
ConditionTask.java,none
Copy.java,CopyTest.java
Copydir.java,CopydirTest.java
Copyfile.java,CopyfileTest.java
CopyPath.java,none
Cvs.java,none
CVSPass.java,CVSPassTest.java
DefaultExcludes.java,DefaultExcludesTest.java
defaults.properties,none
DefBase.java,none
Definer.java,none
Delete.java,DeleteTest.java
Deltree.java,DeltreeTest.java
DependSet.java,none
DiagnosticsTask.java,none
Dirname.java,DirnameTest.java
Ear.java,none
Echo.java,EchoTest.java
EchoXML.java,EchoXMLTest.java
Exec.java,none
ExecTask.java,ExecTaskTest.java
Execute.java,none
ExecuteJava.java,ExecuteJavaTest.java
ExecuteOn.java,none
ExecuteStreamHandler.java,none
ExecuteWatchdog.java,ExecuteWatchdogTest.java
Exit.java,none
Expand.java,none
Filter.java,FilterTest.java
FixCRLF.java,none
GenerateKey.java,none
Get.java,GetTest.java
GUnzip.java,GUnzipTest.java
GZip.java,none
HostInfo.java,none
ImportTask.java,none
Input.java,InputTest.java
Jar.java,JarTest.java
Java.java,JavaTest.java
Javac.java,JavacTest.java
Javadoc.java,JavadocTest.java
JDBCTask.java,none
Jikes.java,none
JikesOutputParser.java,none
KeySubst.java,none
Length.java,none
LoadFile.java,LoadFileTest.java
LoadProperties.java,none
LoadResource.java,none
Local.java,none
LogOutputStream.java,none
LogStreamHandler.java,none
MacroDef.java,MacroDefTest.java
MacroInstance.java,none
MakeUrl.java,MakeUrlTest.java
Manifest.java,ManifestTest.java
ManifestClassPath.java,ManifestClassPathTest.java
ManifestException.java,none
ManifestTask.java,none
MatchingTask.java,none
Mkdir.java,MkdirTest.java
Move.java,MoveTest.java
Nice.java,NiceTest.java
Pack.java,none
Parallel.java,ParallelTest.java
Patch.java,none
PathConvert.java,PathConvertTest.java
PreSetDef.java,PreSetDefTest.java
ProcessDestroyer.java,ProcessDestroyerTest.java
ProjectHelperTask.java,none
Property.java,PropertyTest.java
PropertyHelperTask.java,none
PumpStreamHandler.java,none
Recorder.java,RecorderTest.java
RecorderEntry.java,none
Redirector.java,none
Rename.java,RenameTest.java
Replace.java,ReplaceTest.java
ResourceCount.java,none
Retry.java,none
Rmic.java,RmicTest.java
SendEmail.java,none
Sequential.java,none
SignJar.java,SignJarTest.java
Sleep.java,SleepTest.java
SQLExec.java,SQLExecTest.java
StreamPumper.java,none
SubAnt.java,SubAntTest.java
Sync.java,SyncTest.java
Tar.java,TarTest.java
Taskdef.java,TaskdefTest.java
TaskOutputStream.java,none
TempFile.java,none
Touch.java,TouchTest.java
Transform.java,none
Truncate.java,none
Tstamp.java,none
Typedef.java,TypedefTest.java
Unpack.java,none
Untar.java,UntarTest.java
UpToDate.java,UpToDateTest.java
VerifyJar.java,none
WaitFor.java,none
War.java,WarTest.java
WhichResource.java,WhichResourceTest.java
XmlProperty.java,XmlPropertyTest.java
XSLTLiaison.java,none
XSLTLiaison2.java,none
XSLTLiaison3.java,none
XSLTLogger.java,none
XSLTLoggerAware.java,none
XSLTProcess.java,none
Zip.java,ZipTest.java
AptCompilerAdapter.java,none
AptExternalCompilerAdapter.java,none
CompilerAdapter.java,none
CompilerAdapterExtension.java,none
CompilerAdapterFactory.java,none
DefaultCompilerAdapter.java,DefaultCompilerAdapterTest.java
Gcj.java,none
Javac12.java,none
Javac13.java,none
JavacExternal.java,none
Jikes.java,none
Jvc.java,none
Kjc.java,none
Sj.java,none
And.java,none
AntVersion.java,AntVersionTest.java
Condition.java,ConditionTest.java
ConditionBase.java,none
Contains.java,ContainsTest.java
Equals.java,EqualsTest.java
FilesMatch.java,none
HasFreeSpace.java,none
HasMethod.java,none
Http.java,HttpTest.java
IsFailure.java,IsFailureTest.java
IsFalse.java,none
IsFileSelected.java,IsFileSelectedTest.java
IsLastModified.java,none
IsReachable.java,IsReachableTest.java
IsReference.java,IsReferenceTest.java
IsSet.java,none
IsSigned.java,IsSignedTest.java
IsTrue.java,none
Matches.java,none
Not.java,none
Or.java,none
Os.java,none
ParserSupports.java,ParserSupportsTest.java
ResourceContains.java,none
ResourceExists.java,none
ResourcesMatch.java,none
Socket.java,none
TypeFound.java,TypeFoundTest.java
Xor.java,XorTest.java
ChangeLogParser.java,ChangeLogParserTest.java
ChangeLogTask.java,none
ChangeLogWriter.java,ChangeLogWriterTest.java
CVSEntry.java,none
CvsTagDiff.java,none
CvsTagEntry.java,none
CvsUser.java,none
CvsVersion.java,none
RCSFile.java,none
RedirectingOutputStream.java,none
RedirectingStreamHandler.java,none
EmailAddress.java,EmailAddressTest.java
EmailTask.java,EmailTaskTest.java
Header.java,none
Mailer.java,none
Message.java,MessageTest.java
MimeMailer.java,none
PlainMailer.java,none
UUMailer.java,none
CommandLauncher.java,none
CommandLauncherProxy.java,none
Java13CommandLauncher.java,none
MacCommandLauncher.java,none
OS2CommandLauncher.java,none
PerlScriptCommandLauncher.java,none
ScriptCommandLauncher.java,none
VmsCommandLauncher.java,none
WinNTCommandLauncher.java,none
ANTLR.java,ANTLRTest.java
Cab.java,none
EchoProperties.java,EchoPropertiesTest.java
Javah.java,JavahTest.java
Native2Ascii.java,Native2AsciiTest.java
NetRexxC.java,none
PropertyFile.java,PropertyFileTest.java
RenameExtensions.java,none
ReplaceRegExp.java,ReplaceRegExpTest.java
Rpm.java,RpmTest.java
SchemaValidate.java,SchemaValidateTest.java
Script.java,none
TraXLiaison.java,TraXLiaisonTest.java
Xalan2TraceSupport.java,none
XMLValidateTask.java,none
XSLTTraceSupport.java,none
CCMCheck.java,none
CCMCheckin.java,none
CCMCheckinDefault.java,none
CCMCheckout.java,none
CCMCreateTask.java,none
CCMReconfigure.java,none
Continuus.java,none
CCCheckin.java,none
CCCheckout.java,none
CCLock.java,none
CCMkattr.java,none
CCMkbl.java,none
CCMkdir.java,none
CCMkelem.java,none
CCMklabel.java,none
CCMklbtype.java,none
CCRmtype.java,none
CCUnCheckout.java,none
CCUnlock.java,none
CCUpdate.java,none
ClearCase.java,none
AntAnalyzer.java,none
ClassFile.java,none
ClassFileIterator.java,none
ClassFileUtils.java,none
Depend.java,DependTest.java
DirectoryIterator.java,none
JarFileIterator.java,none
ClassCPInfo.java,none
ConstantCPInfo.java,none
ConstantPool.java,none
ConstantPoolEntry.java,none
DoubleCPInfo.java,none
FieldRefCPInfo.java,none
FloatCPInfo.java,none
IntegerCPInfo.java,none
InterfaceMethodRefCPInfo.java,none
InvokeDynamicCPInfo.java,none
LongCPInfo.java,none
MethodHandleCPInfo.java,none
MethodRefCPInfo.java,none
MethodTypeCPInfo.java,none
NameAndTypeCPInfo.java,none
StringCPInfo.java,none
Utf8CPInfo.java,none
BorlandDeploymentTool.java,none
BorlandGenerateClient.java,none
DescriptorHandler.java,none
EJBDeploymentTool.java,none
EjbJar.java,none
GenericDeploymentTool.java,none
InnerClassFilenameFilter.java,none
IPlanetDeploymentTool.java,none
IPlanetEjbc.java,none
IPlanetEjbcTask.java,none
JbossDeploymentTool.java,none
JonasDeploymentTool.java,none
WeblogicDeploymentTool.java,none
WeblogicTOPLinkDeploymentTool.java,none
WebsphereDeploymentTool.java,none
Compatability.java,none
Compatibility.java,none
DeweyDecimal.java,DeweyDecimalTest.java
Extension.java,none
ExtensionAdapter.java,none
ExtensionResolver.java,none
ExtensionSet.java,none
ExtensionUtil.java,none
ExtraAttribute.java,none
JarLibAvailableTask.java,none
JarLibDisplayTask.java,none
JarLibManifestTask.java,none
JarLibResolveTask.java,none
LibFileSet.java,none
LibraryDisplayer.java,none
Specification.java,none
AntResolver.java,none
LocationResolver.java,none
URLResolver.java,none
Translate.java,TranslateTest.java
Image.java,ImageTest.java
AbstractHotDeploymentTool.java,none
GenericHotDeploymentTool.java,none
HotDeploymentTool.java,none
JonasHotDeploymentTool.java,none
ServerDeploy.java,none
WebLogicHotDeploymentTool.java,none
JavaCC.java,none
JJDoc.java,none
JJTree.java,none
Gcjh.java,none
JavahAdapter.java,none
JavahAdapterFactory.java,none
Kaffeh.java,none
SunJavah.java,none
JDependTask.java,none
ClassNameReader.java,none
jlink.java,none
JlinkTask.java,none
Jasper41Mangler.java,none
JspC.java,none
JspMangler.java,none
JspNameMangler.java,none
WLJspc.java,none
DefaultJspCompilerAdapter.java,none
JasperC.java,none
JspCompilerAdapter.java,none
JspCompilerAdapterFactory.java,none
AggregateTransformer.java,none
BaseTest.java,none
BatchTest.java,BatchTestTest.java
BriefJUnitResultFormatter.java,none
Constants.java,none
CustomJUnit4TestAdapterCache.java,none
DOMUtil.java,DOMUtilTest.java
Enumerations.java,none
FailureRecorder.java,none
FormatterElement.java,none
IgnoredTestListener.java,none
IgnoredTestResult.java,none
JUnit4TestMethodAdapter.java,none
JUnitResultFormatter.java,none
JUnitTask.java,JUnitTaskTest.java
JUnitTaskMirror.java,none
JUnitTaskMirrorImpl.java,none
JUnitTest.java,none
JUnitTestRunner.java,JUnitTestRunnerTest.java
JUnitVersionHelper.java,JUnitVersionHelperTest.java
OutErrSummaryJUnitResultFormatter.java,none
PlainJUnitResultFormatter.java,none
SummaryJUnitResultFormatter.java,none
TearDownOnVmCrash.java,TearDownOnVmCrashTest.java
TestIgnored.java,none
TestListenerWrapper.java,none
XMLConstants.java,none
XMLJUnitResultFormatter.java,none
XMLResultAggregator.java,XMLResultAggregatorTest.java
DefaultNative2Ascii.java,none
KaffeNative2Ascii.java,none
Native2AsciiAdapter.java,none
Native2AsciiAdapterFactory.java,none
SunNative2Ascii.java,none
FTP.java,FTPTest.java
FTPConfigurator.java,none
FTPTask.java,none
FTPTaskConfig.java,none
FTPTaskMirror.java,none
FTPTaskMirrorImpl.java,none
MimeMail.java,none
RExecTask.java,none
SetProxy.java,none
TelnetTask.java,none
Pvcs.java,PvcsTest.java
PvcsProject.java,none
ScriptDef.java,ScriptDefTest.java
ScriptDefBase.java,none
package.html,none
SOS.java,SOSTest.java
SOSCheckin.java,none
SOSCheckout.java,none
SOSCmd.java,none
SOSGet.java,none
SOSLabel.java,none
AntSoundPlayer.java,none
SoundTask.java,none
SplashScreen.java,SplashScreenTest.java
SplashTask.java,none
AbstractSshMessage.java,none
Directory.java,none
LogListener.java,none
Scp.java,ScpTest.java
ScpFromMessage.java,none
ScpFromMessageBySftp.java,none
ScpToMessage.java,none
ScpToMessageBySftp.java,none
SSHBase.java,none
SSHExec.java,none
SSHSession.java,none
SSHUserInfo.java,none
BlockFor.java,none
BuildTimeoutException.java,none
Funtest.java,none
AbstractAccessTask.java,none
Chgrp.java,none
Chown.java,none
Symlink.java,SymlinkTest.java
MSVSS.java,MSVSSTest.java
MSVSSADD.java,none
MSVSSCHECKIN.java,none
MSVSSCHECKOUT.java,none
MSVSSConstants.java,none
MSVSSCP.java,none
MSVSSCREATE.java,none
MSVSSGET.java,none
MSVSSHISTORY.java,none
MSVSSLABEL.java,none
Attrib.java,none
DefaultRmicAdapter.java,none
ForkingSunRmic.java,none
KaffeRmic.java,none
RmicAdapter.java,none
RmicAdapterFactory.java,none
SunRmic.java,none
WLRmic.java,none
XNewRmic.java,none
AbstractFileSet.java,AbstractFileSetTest.java
AntFilterReader.java,none
ArchiveFileSet.java,none
ArchiveScanner.java,none
Assertions.java,AssertionsTest.java
Commandline.java,CommandlineTest.java
CommandlineJava.java,CommandlineJavaTest.java
Comparison.java,none
DataType.java,none
defaults.properties,none
Description.java,DescriptionTest.java
DirSet.java,DirSetTest.java
DTDLocation.java,none
EnumeratedAttribute.java,EnumeratedAttributeTest.java
Environment.java,none
FileList.java,FileListTest.java
FileSet.java,FileSetTest.java
FilterChain.java,none
FilterSet.java,FilterSetTest.java
FilterSetCollection.java,none
FlexInteger.java,FlexIntegerTest.java
LogLevel.java,none
Mapper.java,MapperTest.java
Parameter.java,none
Parameterizable.java,none
Path.java,PathTest.java
PatternSet.java,PatternSetTest.java
Permissions.java,PermissionsTest.java
PropertySet.java,none
Quantifier.java,none
RedirectorElement.java,RedirectorElementTest.java
Reference.java,none
RegularExpression.java,none
Resource.java,none
ResourceCollection.java,none
ResourceFactory.java,none
ResourceLocation.java,none
Substitution.java,none
TarFileSet.java,TarFileSetTest.java
TarScanner.java,none
TimeComparison.java,none
XMLCatalog.java,XMLCatalogTest.java
ZipFileSet.java,ZipFileSetTest.java
ZipScanner.java,none
antlib.xml,none
CutDirsMapper.java,none
FilterMapper.java,none
AbstractScriptComponent.java,none
ScriptCondition.java,none
ScriptFilter.java,none
ScriptMapper.java,ScriptMapperTest.java
ScriptSelector.java,ScriptSelectorTest.java
ClassfileSet.java,none
DependScanner.java,none
Arc.java,none
BasicShape.java,none
ColorMapper.java,none
Draw.java,none
DrawOperation.java,none
Ellipse.java,none
ImageOperation.java,none
Rectangle.java,none
Rotate.java,none
Scale.java,none
Text.java,none
TransformOperation.java,none
ApacheCatalog.java,none
ApacheCatalogResolver.java,none
package.html,none
AbstractClasspathResource.java,none
AbstractResourceCollectionWrapper.java,none
Appendable.java,none
ArchiveResource.java,none
Archives.java,none
BaseResourceCollectionContainer.java,none
BaseResourceCollectionWrapper.java,none
BCFileSet.java,none
BZip2Resource.java,none
CompressedResource.java,none
ContentTransformingResource.java,none
Difference.java,none
FailFast.java,none
FileProvider.java,none
FileResource.java,FileResourceTest.java
FileResourceIterator.java,none
Files.java,none
First.java,none
GZipResource.java,none
ImmutableResourceException.java,none
Intersect.java,none
JavaConstantResource.java,none
JavaResource.java,JavaResourceTest.java
Last.java,none
LazyResourceCollectionWrapper.java,none
LogOutputResource.java,none
MappedResource.java,none
MappedResourceCollection.java,none
PropertyResource.java,none
ResourceDecorator.java,none
ResourceList.java,ResourceListTest.java
Resources.java,none
Restrict.java,none
SizeLimitCollection.java,none
Sort.java,none
StringResource.java,none
TarResource.java,TarResourceTest.java
Tokens.java,none
Touchable.java,none
Union.java,none
URLProvider.java,none
URLResource.java,none
ZipResource.java,none
Content.java,none
Date.java,none
DelegatedResourceComparator.java,none
Exists.java,none
FileSystem.java,none
Name.java,none
ResourceComparator.java,none
Reverse.java,none
Size.java,none
Type.java,none
And.java,none
Compare.java,none
Date.java,none
Exists.java,none
InstanceOf.java,none
Majority.java,none
Name.java,none
None.java,none
Not.java,none
Or.java,none
ResourceSelector.java,none
ResourceSelectorContainer.java,none
Size.java,none
Type.java,none
AbstractSelectorContainer.java,none
AndSelector.java,none
BaseExtendSelector.java,none
BaseSelector.java,BaseSelectorTest.java
BaseSelectorContainer.java,none
ContainsRegexpSelector.java,none
ContainsSelector.java,ContainsSelectorTest.java
DateSelector.java,DateSelectorTest.java
DependSelector.java,DependSelectorTest.java
DepthSelector.java,DepthSelectorTest.java
DifferentSelector.java,none
ExtendFileSelector.java,none
ExtendSelector.java,none
FilenameSelector.java,FilenameSelectorTest.java
FileSelector.java,none
MajoritySelector.java,none
MappingSelector.java,none
NoneSelector.java,none
NotSelector.java,none
OrSelector.java,none
PresentSelector.java,PresentSelectorTest.java
ReadableSelector.java,none
SelectorContainer.java,none
SelectorScanner.java,none
SelectorUtils.java,none
SelectSelector.java,none
SignedSelector.java,SignedSelectorTest.java
SizeSelector.java,SizeSelectorTest.java
TokenizedPath.java,none
TokenizedPattern.java,TokenizedPatternTest.java
TypeSelector.java,TypeSelectorTest.java
WritableSelector.java,none
Algorithm.java,none
Cache.java,none
ChecksumAlgorithm.java,none
DigestAlgorithm.java,none
EqualComparator.java,none
HashvalueAlgorithm.java,none
ModifiedSelector.java,ModifiedSelectorTest.java
PropertiesfileCache.java,none
Provider.java,none
Service.java,none
Base64Converter.java,Base64ConverterTest.java
ChainedMapper.java,none
ClasspathUtils.java,ClasspathUtilsTest.java
CollectionUtils.java,CollectionUtilsTest.java
CompositeMapper.java,none
ConcatFileInputStream.java,none
ConcatResourceInputStream.java,none
ContainerMapper.java,none
DateUtils.java,DateUtilsTest.java
DeweyDecimal.java,DeweyDecimalTest.java
DOMElementWriter.java,DOMElementWriterTest.java
DOMUtils.java,none
FileNameMapper.java,none
FileTokenizer.java,none
FileUtils.java,FileUtilsTest.java
FirstMatchMapper.java,none
FlatFileNameMapper.java,none
GlobPatternMapper.java,GlobPatternMapperTest.java
IdentityMapper.java,none
IdentityStack.java,none
JavaEnvUtils.java,JavaEnvUtilsTest.java
JAXPUtils.java,JAXPUtilsTest.java
KeepAliveInputStream.java,none
KeepAliveOutputStream.java,none
LayoutPreservingProperties.java,LayoutPreservingPropertiesTest.java
LazyFileOutputStream.java,LazyFileOutputStreamTest.java
LazyHashtable.java,none
LeadPipeInputStream.java,none
LineOrientedOutputStream.java,LineOrientedOutputStreamTest.java
LineOrientedOutputStreamRedirector.java,none
LineTokenizer.java,none
LinkedHashtable.java,LinkedHashtableTest.java
LoaderUtils.java,LoaderUtilsTest.java
MergingMapper.java,none
OutputStreamFunneler.java,none
PackageNameMapper.java,PackageNameMapperTest.java
PropertyOutputStream.java,none
ProxySetup.java,none
ReaderInputStream.java,ReaderInputStreamTest.java
ReflectUtil.java,none
ReflectWrapper.java,none
RegexpPatternMapper.java,RegexpPatternMapperTest.java
ResourceUtils.java,ResourceUtilsTest.java
Retryable.java,none
RetryHandler.java,none
ScriptFixBSFPath.java,none
ScriptRunner.java,none
ScriptRunnerBase.java,none
ScriptRunnerCreator.java,none
ScriptRunnerHelper.java,none
SourceFileScanner.java,none
SplitClassLoader.java,none
StringTokenizer.java,none
StringUtils.java,StringUtilsTest.java
SymbolicLinkUtils.java,none
TaskLogger.java,none
TeeOutputStream.java,none
TimeoutObserver.java,none
Tokenizer.java,none
UnicodeUtil.java,UnicodeUtilTest.java
UnPackageNameMapper.java,UnPackageNameMapperTest.java
UUEncoder.java,none
VectorSet.java,VectorSetTest.java
Watchdog.java,none
WeakishReference.java,none
WorkerAnt.java,none
XmlConstants.java,none
XMLFragment.java,XMLFragmentTest.java
AbstractAnalyzer.java,none
DependencyAnalyzer.java,none
AncestorAnalyzer.java,none
DependencyVisitor.java,none
FullAnalyzer.java,none
FacadeTaskHelper.java,FacadeTaskHelperTest.java
ImplementationSpecificArgument.java,ImplementationSpecificArgumentTest.java
ProxyDiagnostics.java,none
JavaxScriptRunner.java,none
NoExitSecurityManager.java,none
ScriptRunner.java,none
WeakishReference12.java,none
JakartaOroMatcher.java,JakartaOroMatcherTest.java
JakartaOroRegexp.java,JakartaOroRegexpTest.java
JakartaRegexpMatcher.java,JakartaRegexpMatcherTest.java
JakartaRegexpRegexp.java,JakartaRegexpRegexpTest.java
Jdk14RegexpMatcher.java,Jdk14RegexpMatcherTest.java
Jdk14RegexpRegexp.java,Jdk14RegexpRegexpTest.java
Regexp.java,RegexpTest.java
RegexpFactory.java,none
RegexpMatcher.java,RegexpMatcherTest.java
RegexpMatcherFactory.java,none
RegexpUtil.java,none
BlockSort.java,BlockSortTest.java
BZip2Constants.java,none
CBZip2InputStream.java,none
CBZip2OutputStream.java,none
CRC.java,none
ErrorInQuitException.java,none
MailMessage.java,MailMessageTest.java
SmtpResponseReader.java,none
TarArchiveSparseEntry.java,none
TarBuffer.java,none
TarConstants.java,none
TarEntry.java,TarEntryTest.java
TarInputStream.java,none
TarOutputStream.java,TarOutputStreamTest.java
TarUtils.java,none
AbstractUnicodeExtraField.java,none
AsiExtraField.java,AsiExtraFieldTest.java
CentralDirectoryParsingZipExtraField.java,none
ExtraFieldUtils.java,ExtraFieldUtilsTest.java
FallbackZipEncoding.java,none
GeneralPurposeBit.java,none
JarMarker.java,none
NioZipEncoding.java,none
Simple8BitZipEncoding.java,none
UnicodeCommentExtraField.java,none
UnicodePathExtraField.java,none
UnixStat.java,none
UnparseableExtraFieldData.java,none
UnrecognizedExtraField.java,none
UnsupportedZipFeatureException.java,none
Zip64ExtendedInformationExtraField.java,none
Zip64Mode.java,none
Zip64RequiredException.java,none
ZipConstants.java,none
ZipEightByteInteger.java,none
ZipEncoding.java,ZipEncodingTest.java
ZipEncodingHelper.java,none
ZipEntry.java,ZipEntryTest.java
ZipExtraField.java,ZipExtraFieldTest.java
ZipFile.java,none
ZipLong.java,ZipLongTest.java
ZipOutputStream.java,ZipOutputStreamTest.java
ZipShort.java,ZipShortTest.java
ZipUtil.java,none
