45|fully covered|org.apache.hc.client5.http.impl.cookie.TestBasicCookieAttribHandlers#testBasicSecureMatch#389
45|fully covered|org.apache.hc.client5.http.impl.cookie.TestBasicCookieAttribHandlers#testBasicSecureParse#379
45|fully covered|org.apache.hc.client5.http.impl.cookie.TestBasicCookieAttribHandlers#testBasicSecureInvalidInput#406
45|fully covered|org.apache.hc.client5.http.impl.integration.TestAbortHandling#testAbortRetry_HTTPCLIENT_1120#108
45|fully covered|org.apache.hc.client5.http.impl.integration.TestAbortHandling#testSocketConnectFailureReleasesConnection#310
45|fully covered|org.apache.hc.client5.http.impl.integration.TestBasicConnectionManager#testConnectionStillInUse#58
45|fully covered|org.apache.hc.client5.http.impl.integration.TestBasicConnectionManager#testBasics#46
45|fully covered|org.apache.hc.client5.http.impl.integration.TestClientAuthentication#testAuthenticationTargetAsProxy#666
45|fully covered|org.apache.hc.client5.http.impl.integration.TestClientAuthentication#testBasicAuthenticationFailureOnNonRepeatablePutDontExpectContinue#290
45|fully covered|org.apache.hc.client5.http.impl.integration.TestClientAuthentication#testBasicAuthenticationSuccessOnNonRepeatablePutExpectContinue#264
45|fully covered|org.apache.hc.client5.http.impl.integration.TestClientAuthentication#testAuthenticationUserinfoInRedirectSuccess#548
45|fully covered|org.apache.hc.client5.http.impl.integration.TestClientAuthentication#testAuthenticationCredentialsCachingReauthenticationOnDifferentRealm#461
45|fully covered|org.apache.hc.client5.http.impl.integration.TestClientAuthentication#testBasicAuthenticationNoCreds#181
45|fully covered|org.apache.hc.client5.http.impl.integration.TestClientAuthentication#testBasicAuthenticationCredentialsCaching#393
45|fully covered|org.apache.hc.client5.http.impl.integration.TestClientAuthentication#testBasicAuthenticationSuccess#225
45|fully covered|org.apache.hc.client5.http.impl.integration.TestClientAuthentication#testPreemptiveAuthenticationFailure#627
45|fully covered|org.apache.hc.client5.http.impl.integration.TestClientAuthentication#testAuthenticationUserinfoInRequestSuccess#494
45|fully covered|org.apache.hc.client5.http.impl.integration.TestClientAuthentication#testBasicAuthenticationFailure#203
45|fully covered|org.apache.hc.client5.http.impl.integration.TestClientAuthentication#testBasicAuthenticationFailureOnNonRepeatablePost#341
45|fully covered|org.apache.hc.client5.http.impl.integration.TestClientAuthentication#testAuthenticationUserinfoInRequestFailure#509
45|fully covered|org.apache.hc.client5.http.impl.integration.TestClientAuthentication#testPreemptiveAuthentication#601
45|fully covered|org.apache.hc.client5.http.impl.integration.TestClientAuthentication#testConnectionCloseAfterAuthenticationSuccess#708
45|fully covered|org.apache.hc.client5.http.impl.integration.TestClientAuthentication#testBasicAuthenticationSuccessOnRepeatablePost#314
45|fully covered|org.apache.hc.client5.http.impl.integration.TestClientAuthenticationFakeNTLM#testNTLMAuthenticationFailure#90
45|fully covered|org.apache.hc.client5.http.impl.integration.TestClientAuthenticationFakeNTLM#testNTLMType2MessageOnlyAuthenticationFailure#207
45|fully covered|org.apache.hc.client5.http.impl.integration.TestClientAuthenticationFakeNTLM#testNTLMv2Type2Message#164
45|fully covered|org.apache.hc.client5.http.impl.integration.TestClientAuthenticationFakeNTLM#testNTLMType2NonUnicodeMessageOnlyAuthenticationFailure#228
45|fully covered|org.apache.hc.client5.http.impl.integration.TestClientAuthenticationFakeNTLM#testNTLMv1Type2Message#140
45|fully covered|org.apache.hc.client5.http.impl.integration.TestClientAuthenticationFallBack#testBasicAuthenticationSuccess#144
45|fully covered|org.apache.hc.client5.http.impl.integration.TestClientReauthentication#testBasicAuthenticationSuccess#185
45|fully covered|org.apache.hc.client5.http.impl.integration.TestClientRequestExecution#testNonCompliantURI#213
45|fully covered|org.apache.hc.client5.http.impl.integration.TestClientRequestExecution#testAutoGeneratedHeaders#150
45|fully covered|org.apache.hc.client5.http.impl.integration.TestClientRequestExecution#testRelativeRequestURIWithFragment#232
45|fully covered|org.apache.hc.client5.http.impl.integration.TestClientRequestExecution#testNonRepeatableEntity#195
45|fully covered|org.apache.hc.client5.http.impl.integration.TestClientRequestExecution#testAbsoluteRequestURIWithFragment#257
45|fully covered|org.apache.hc.client5.http.impl.integration.TestConnectionAutoRelease#testReleaseOnEntityWriteTo#107
45|fully covered|org.apache.hc.client5.http.impl.integration.TestConnectionAutoRelease#testReleaseOnAbort#145
45|fully covered|org.apache.hc.client5.http.impl.integration.TestConnectionAutoRelease#testReleaseOnEntityConsumeContent#71
45|fully covered|org.apache.hc.client5.http.impl.integration.TestConnectionAutoRelease#testReleaseOnIOException#213
45|fully covered|org.apache.hc.client5.http.impl.integration.TestConnectionReuse#testKeepAliveHeaderRespected#205
45|fully covered|org.apache.hc.client5.http.impl.integration.TestContentCodings#testResponseWithNoContent#95
45|fully covered|org.apache.hc.client5.http.impl.integration.TestContentCodings#gzipResponsesWorkWithBasicResponseHandler#254
45|fully covered|org.apache.hc.client5.http.impl.integration.TestContentCodings#testDeflateSupportForServerReturningRfc1950Stream#115
45|fully covered|org.apache.hc.client5.http.impl.integration.TestContentCodings#testHttpEntityWriteToForGzip#220
45|fully covered|org.apache.hc.client5.http.impl.integration.TestContentCodings#deflateResponsesWorkWithBasicResponseHandler#267
45|fully covered|org.apache.hc.client5.http.impl.integration.TestContentCodings#testDeflateSupportForServerReturningRfc1951Stream#135
45|fully covered|org.apache.hc.client5.http.impl.integration.TestContentCodings#testGzipSupport#154
45|fully covered|org.apache.hc.client5.http.impl.integration.TestContentCodings#testHttpEntityWriteToForDeflate#237
45|fully covered|org.apache.hc.client5.http.impl.integration.TestCookieVirtualHost#testCookieMatchingWithVirtualHosts#120
45|fully covered|org.apache.hc.client5.http.impl.integration.TestMalformedServerResponse#testNoContentResponseWithGarbage#115
45|fully covered|org.apache.hc.client5.http.impl.integration.TestRedirects#testRepeatRequestRedirect#506
45|fully covered|org.apache.hc.client5.http.impl.integration.TestRedirects#testDefaultHeadersRedirect#700
45|fully covered|org.apache.hc.client5.http.impl.integration.TestRedirects#testBasicRedirect302NoLocation#331
45|fully covered|org.apache.hc.client5.http.impl.integration.TestRedirects#testMaxRedirectCheck#439
45|fully covered|org.apache.hc.client5.http.impl.integration.TestRedirects#testRelativeRedirect#585
45|fully covered|org.apache.hc.client5.http.impl.integration.TestRedirects#testPostRedirectSeeOther#563
45|fully covered|org.apache.hc.client5.http.impl.integration.TestRedirects#testRejectBogusRedirectLocation#628
45|fully covered|org.apache.hc.client5.http.impl.integration.TestRedirects#testRedirectWithCookie#675
45|fully covered|org.apache.hc.client5.http.impl.integration.TestRedirects#testRejectInvalidRedirectLocation#650
45|fully covered|org.apache.hc.client5.http.impl.integration.TestRedirects#testRelativeRedirect2#608
45|fully covered|org.apache.hc.client5.http.impl.integration.TestRedirects#testRepeatRequest#478
45|fully covered|org.apache.hc.client5.http.impl.integration.TestRedirects#testDifferentRequestSameRedirect#535
45|fully covered|org.apache.hc.client5.http.impl.integration.TestRedirects#testBasicRedirect300#248
45|fully covered|org.apache.hc.client5.http.impl.integration.TestRedirects#testBasicRedirect301#271
45|fully covered|org.apache.hc.client5.http.impl.integration.TestRedirects#testBasicRedirect302#300
45|fully covered|org.apache.hc.client5.http.impl.integration.TestRedirects#testBasicRedirect303#353
45|fully covered|org.apache.hc.client5.http.impl.integration.TestRedirects#testBasicRedirect304#375
45|fully covered|org.apache.hc.client5.http.impl.integration.TestRedirects#testBasicRedirect305#394
45|fully covered|org.apache.hc.client5.http.impl.integration.TestRedirects#testBasicRedirect307#414
45|fully covered|org.apache.hc.client5.http.impl.integration.TestRedirects#testCircularRedirect#459
45|fully covered|org.apache.hc.client5.http.impl.integration.TestSPNegoScheme#testDontTryToAuthenticateEndlessly#171
45|fully covered|org.apache.hc.client5.http.impl.integration.TestSPNegoScheme#testNoTokenGeneratedError#202
45|fully covered|org.apache.hc.client5.http.impl.integration.TestStatefulConnManagement#testRouteSpecificPoolRecylcing#226
45|fully covered|org.apache.hc.client5.http.protocol.TestRequestAddCookies#testAuthDefaultHttpPortWhenProxy#310
45|fully covered|org.apache.hc.client5.http.protocol.TestRequestAddCookies#testAuthScopeInvalidRequestURI#268
45|fully covered|org.apache.hc.client5.http.protocol.TestRequestAddCookies#testAuthScopeRemotePortWhenDirect#285
45|fully covered|org.apache.hc.client5.http.protocol.TestRequestAddCookies#testExcludeExpiredCookies#372
45|fully covered|org.apache.hc.client5.http.protocol.TestRequestAddCookies#testAddCookiesUsingExplicitCookieSpec#244
45|fully covered|org.apache.hc.client5.http.protocol.TestRequestAddCookies#testAuthDefaultHttpsPortWhenProxy#336
45|fully covered|org.apache.hc.client5.http.protocol.TestRequestAddCookies#testNoMatchingCookies#401
45|fully covered|org.apache.hc.client5.http.protocol.TestRequestAddCookies#testCookieOrder#437
45|fully covered|org.apache.hc.client5.http.protocol.TestRequestAddCookies#testAddCookies#116
45|fully covered|org.apache.hc.client5.http.protocol.TestResponseProcessCookies#setUp#54x6
46|fully covered|org.apache.hc.client5.http.impl.cookie.TestBasicCookieAttribHandlers#testBasicSecureMatch#389
46|fully covered|org.apache.hc.client5.http.impl.cookie.TestBasicCookieAttribHandlers#testBasicSecureParse#379
46|fully covered|org.apache.hc.client5.http.impl.cookie.TestBasicCookieAttribHandlers#testBasicSecureInvalidInput#406
46|fully covered|org.apache.hc.client5.http.impl.integration.TestAbortHandling#testAbortRetry_HTTPCLIENT_1120#108
46|fully covered|org.apache.hc.client5.http.impl.integration.TestAbortHandling#testSocketConnectFailureReleasesConnection#310
46|fully covered|org.apache.hc.client5.http.impl.integration.TestBasicConnectionManager#testConnectionStillInUse#58
46|fully covered|org.apache.hc.client5.http.impl.integration.TestBasicConnectionManager#testBasics#46
46|fully covered|org.apache.hc.client5.http.impl.integration.TestClientAuthentication#testAuthenticationTargetAsProxy#666
46|fully covered|org.apache.hc.client5.http.impl.integration.TestClientAuthentication#testBasicAuthenticationFailureOnNonRepeatablePutDontExpectContinue#290
46|fully covered|org.apache.hc.client5.http.impl.integration.TestClientAuthentication#testBasicAuthenticationSuccessOnNonRepeatablePutExpectContinue#264
46|fully covered|org.apache.hc.client5.http.impl.integration.TestClientAuthentication#testAuthenticationUserinfoInRedirectSuccess#548
46|fully covered|org.apache.hc.client5.http.impl.integration.TestClientAuthentication#testAuthenticationCredentialsCachingReauthenticationOnDifferentRealm#461
46|fully covered|org.apache.hc.client5.http.impl.integration.TestClientAuthentication#testBasicAuthenticationNoCreds#181
46|fully covered|org.apache.hc.client5.http.impl.integration.TestClientAuthentication#testBasicAuthenticationCredentialsCaching#393
46|fully covered|org.apache.hc.client5.http.impl.integration.TestClientAuthentication#testBasicAuthenticationSuccess#225
46|fully covered|org.apache.hc.client5.http.impl.integration.TestClientAuthentication#testPreemptiveAuthenticationFailure#627
46|fully covered|org.apache.hc.client5.http.impl.integration.TestClientAuthentication#testAuthenticationUserinfoInRequestSuccess#494
46|fully covered|org.apache.hc.client5.http.impl.integration.TestClientAuthentication#testBasicAuthenticationFailure#203
46|fully covered|org.apache.hc.client5.http.impl.integration.TestClientAuthentication#testBasicAuthenticationFailureOnNonRepeatablePost#341
46|fully covered|org.apache.hc.client5.http.impl.integration.TestClientAuthentication#testAuthenticationUserinfoInRequestFailure#509
46|fully covered|org.apache.hc.client5.http.impl.integration.TestClientAuthentication#testPreemptiveAuthentication#601
46|fully covered|org.apache.hc.client5.http.impl.integration.TestClientAuthentication#testConnectionCloseAfterAuthenticationSuccess#708
46|fully covered|org.apache.hc.client5.http.impl.integration.TestClientAuthentication#testBasicAuthenticationSuccessOnRepeatablePost#314
46|fully covered|org.apache.hc.client5.http.impl.integration.TestClientAuthenticationFakeNTLM#testNTLMAuthenticationFailure#90
46|fully covered|org.apache.hc.client5.http.impl.integration.TestClientAuthenticationFakeNTLM#testNTLMType2MessageOnlyAuthenticationFailure#207
46|fully covered|org.apache.hc.client5.http.impl.integration.TestClientAuthenticationFakeNTLM#testNTLMv2Type2Message#164
46|fully covered|org.apache.hc.client5.http.impl.integration.TestClientAuthenticationFakeNTLM#testNTLMType2NonUnicodeMessageOnlyAuthenticationFailure#228
46|fully covered|org.apache.hc.client5.http.impl.integration.TestClientAuthenticationFakeNTLM#testNTLMv1Type2Message#140
46|fully covered|org.apache.hc.client5.http.impl.integration.TestClientAuthenticationFallBack#testBasicAuthenticationSuccess#144
46|fully covered|org.apache.hc.client5.http.impl.integration.TestClientReauthentication#testBasicAuthenticationSuccess#185
46|fully covered|org.apache.hc.client5.http.impl.integration.TestClientRequestExecution#testNonCompliantURI#213
46|fully covered|org.apache.hc.client5.http.impl.integration.TestClientRequestExecution#testAutoGeneratedHeaders#150
46|fully covered|org.apache.hc.client5.http.impl.integration.TestClientRequestExecution#testRelativeRequestURIWithFragment#232
46|fully covered|org.apache.hc.client5.http.impl.integration.TestClientRequestExecution#testNonRepeatableEntity#195
46|fully covered|org.apache.hc.client5.http.impl.integration.TestClientRequestExecution#testAbsoluteRequestURIWithFragment#257
46|fully covered|org.apache.hc.client5.http.impl.integration.TestConnectionAutoRelease#testReleaseOnEntityWriteTo#107
46|fully covered|org.apache.hc.client5.http.impl.integration.TestConnectionAutoRelease#testReleaseOnAbort#145
46|fully covered|org.apache.hc.client5.http.impl.integration.TestConnectionAutoRelease#testReleaseOnEntityConsumeContent#71
46|fully covered|org.apache.hc.client5.http.impl.integration.TestConnectionAutoRelease#testReleaseOnIOException#213
46|fully covered|org.apache.hc.client5.http.impl.integration.TestConnectionReuse#testKeepAliveHeaderRespected#205
46|fully covered|org.apache.hc.client5.http.impl.integration.TestContentCodings#testResponseWithNoContent#95
46|fully covered|org.apache.hc.client5.http.impl.integration.TestContentCodings#gzipResponsesWorkWithBasicResponseHandler#254
46|fully covered|org.apache.hc.client5.http.impl.integration.TestContentCodings#testDeflateSupportForServerReturningRfc1950Stream#115
46|fully covered|org.apache.hc.client5.http.impl.integration.TestContentCodings#testHttpEntityWriteToForGzip#220
46|fully covered|org.apache.hc.client5.http.impl.integration.TestContentCodings#deflateResponsesWorkWithBasicResponseHandler#267
46|fully covered|org.apache.hc.client5.http.impl.integration.TestContentCodings#testDeflateSupportForServerReturningRfc1951Stream#135
46|fully covered|org.apache.hc.client5.http.impl.integration.TestContentCodings#testGzipSupport#154
46|fully covered|org.apache.hc.client5.http.impl.integration.TestContentCodings#testHttpEntityWriteToForDeflate#237
46|fully covered|org.apache.hc.client5.http.impl.integration.TestCookieVirtualHost#testCookieMatchingWithVirtualHosts#120
46|fully covered|org.apache.hc.client5.http.impl.integration.TestMalformedServerResponse#testNoContentResponseWithGarbage#115
46|fully covered|org.apache.hc.client5.http.impl.integration.TestRedirects#testRepeatRequestRedirect#506
46|fully covered|org.apache.hc.client5.http.impl.integration.TestRedirects#testDefaultHeadersRedirect#700
46|fully covered|org.apache.hc.client5.http.impl.integration.TestRedirects#testBasicRedirect302NoLocation#331
46|fully covered|org.apache.hc.client5.http.impl.integration.TestRedirects#testMaxRedirectCheck#439
46|fully covered|org.apache.hc.client5.http.impl.integration.TestRedirects#testRelativeRedirect#585
46|fully covered|org.apache.hc.client5.http.impl.integration.TestRedirects#testPostRedirectSeeOther#563
46|fully covered|org.apache.hc.client5.http.impl.integration.TestRedirects#testRejectBogusRedirectLocation#628
46|fully covered|org.apache.hc.client5.http.impl.integration.TestRedirects#testRedirectWithCookie#675
46|fully covered|org.apache.hc.client5.http.impl.integration.TestRedirects#testRejectInvalidRedirectLocation#650
46|fully covered|org.apache.hc.client5.http.impl.integration.TestRedirects#testRelativeRedirect2#608
46|fully covered|org.apache.hc.client5.http.impl.integration.TestRedirects#testRepeatRequest#478
46|fully covered|org.apache.hc.client5.http.impl.integration.TestRedirects#testDifferentRequestSameRedirect#535
46|fully covered|org.apache.hc.client5.http.impl.integration.TestRedirects#testBasicRedirect300#248
46|fully covered|org.apache.hc.client5.http.impl.integration.TestRedirects#testBasicRedirect301#271
46|fully covered|org.apache.hc.client5.http.impl.integration.TestRedirects#testBasicRedirect302#300
46|fully covered|org.apache.hc.client5.http.impl.integration.TestRedirects#testBasicRedirect303#353
46|fully covered|org.apache.hc.client5.http.impl.integration.TestRedirects#testBasicRedirect304#375
46|fully covered|org.apache.hc.client5.http.impl.integration.TestRedirects#testBasicRedirect305#394
46|fully covered|org.apache.hc.client5.http.impl.integration.TestRedirects#testBasicRedirect307#414
46|fully covered|org.apache.hc.client5.http.impl.integration.TestRedirects#testCircularRedirect#459
46|fully covered|org.apache.hc.client5.http.impl.integration.TestSPNegoScheme#testDontTryToAuthenticateEndlessly#171
46|fully covered|org.apache.hc.client5.http.impl.integration.TestSPNegoScheme#testNoTokenGeneratedError#202
46|fully covered|org.apache.hc.client5.http.impl.integration.TestStatefulConnManagement#testRouteSpecificPoolRecylcing#226
46|fully covered|org.apache.hc.client5.http.protocol.TestRequestAddCookies#testAuthDefaultHttpPortWhenProxy#310
46|fully covered|org.apache.hc.client5.http.protocol.TestRequestAddCookies#testAuthScopeInvalidRequestURI#268
46|fully covered|org.apache.hc.client5.http.protocol.TestRequestAddCookies#testAuthScopeRemotePortWhenDirect#285
46|fully covered|org.apache.hc.client5.http.protocol.TestRequestAddCookies#testExcludeExpiredCookies#372
46|fully covered|org.apache.hc.client5.http.protocol.TestRequestAddCookies#testAddCookiesUsingExplicitCookieSpec#244
46|fully covered|org.apache.hc.client5.http.protocol.TestRequestAddCookies#testAuthDefaultHttpsPortWhenProxy#336
46|fully covered|org.apache.hc.client5.http.protocol.TestRequestAddCookies#testNoMatchingCookies#401
46|fully covered|org.apache.hc.client5.http.protocol.TestRequestAddCookies#testCookieOrder#437
46|fully covered|org.apache.hc.client5.http.protocol.TestRequestAddCookies#testAddCookies#116
46|fully covered|org.apache.hc.client5.http.protocol.TestResponseProcessCookies#setUp#54x6
51|fully covered|org.apache.hc.client5.http.impl.cookie.TestBasicCookieAttribHandlers#testBasicSecureParse#380,382
51|fully covered|org.apache.hc.client5.http.impl.cookie.TestBasicCookieAttribHandlers#testBasicSecureInvalidInput#408
52|fully covered|org.apache.hc.client5.http.impl.cookie.TestBasicCookieAttribHandlers#testBasicSecureParse#380,382
53|fully covered|org.apache.hc.client5.http.impl.cookie.TestBasicCookieAttribHandlers#testBasicSecureParse#380,382
57|fully covered|org.apache.hc.client5.http.impl.cookie.TestBasicCookieAttribHandlers#testBasicSecureMatch#393,395,399,401
57|fully covered|org.apache.hc.client5.http.impl.cookie.TestBasicCookieAttribHandlers#testBasicSecureInvalidInput#414,420
57|fully covered|org.apache.hc.client5.http.impl.integration.TestCookieVirtualHost#testCookieMatchingWithVirtualHosts#134,142
57|fully covered|org.apache.hc.client5.http.impl.integration.TestRedirects#testRedirectWithCookie#675x2
57|fully covered|org.apache.hc.client5.http.protocol.TestRequestAddCookies#testAuthDefaultHttpPortWhenProxy#310x2
57|fully covered|org.apache.hc.client5.http.protocol.TestRequestAddCookies#testAuthScopeInvalidRequestURI#268x2
57|fully covered|org.apache.hc.client5.http.protocol.TestRequestAddCookies#testAuthScopeRemotePortWhenDirect#285x2
57|fully covered|org.apache.hc.client5.http.protocol.TestRequestAddCookies#testExcludeExpiredCookies#372x2
57|fully covered|org.apache.hc.client5.http.protocol.TestRequestAddCookies#testAddCookiesUsingExplicitCookieSpec#244x2
57|fully covered|org.apache.hc.client5.http.protocol.TestRequestAddCookies#testCookieOrder#437x3
57|fully covered|org.apache.hc.client5.http.protocol.TestRequestAddCookies#testAddCookies#116x2
58|fully covered|org.apache.hc.client5.http.impl.cookie.TestBasicCookieAttribHandlers#testBasicSecureMatch#393,395,399,401
58|fully covered|org.apache.hc.client5.http.impl.cookie.TestBasicCookieAttribHandlers#testBasicSecureInvalidInput#420
58|fully covered|org.apache.hc.client5.http.impl.integration.TestCookieVirtualHost#testCookieMatchingWithVirtualHosts#134,142
58|fully covered|org.apache.hc.client5.http.impl.integration.TestRedirects#testRedirectWithCookie#675x2
58|fully covered|org.apache.hc.client5.http.protocol.TestRequestAddCookies#testAuthDefaultHttpPortWhenProxy#310x2
58|fully covered|org.apache.hc.client5.http.protocol.TestRequestAddCookies#testAuthScopeInvalidRequestURI#268x2
58|fully covered|org.apache.hc.client5.http.protocol.TestRequestAddCookies#testAuthScopeRemotePortWhenDirect#285x2
58|fully covered|org.apache.hc.client5.http.protocol.TestRequestAddCookies#testExcludeExpiredCookies#372x2
58|fully covered|org.apache.hc.client5.http.protocol.TestRequestAddCookies#testAddCookiesUsingExplicitCookieSpec#244x2
58|fully covered|org.apache.hc.client5.http.protocol.TestRequestAddCookies#testCookieOrder#437x3
58|fully covered|org.apache.hc.client5.http.protocol.TestRequestAddCookies#testAddCookies#116x2
59|fully covered|org.apache.hc.client5.http.impl.cookie.TestBasicCookieAttribHandlers#testBasicSecureMatch#393,395,399,401
59|fully covered|org.apache.hc.client5.http.impl.integration.TestCookieVirtualHost#testCookieMatchingWithVirtualHosts#134,142
59|fully covered|org.apache.hc.client5.http.impl.integration.TestRedirects#testRedirectWithCookie#675x2
59|fully covered|org.apache.hc.client5.http.protocol.TestRequestAddCookies#testAuthDefaultHttpPortWhenProxy#310x2
59|fully covered|org.apache.hc.client5.http.protocol.TestRequestAddCookies#testAuthScopeInvalidRequestURI#268x2
59|fully covered|org.apache.hc.client5.http.protocol.TestRequestAddCookies#testAuthScopeRemotePortWhenDirect#285x2
59|fully covered|org.apache.hc.client5.http.protocol.TestRequestAddCookies#testExcludeExpiredCookies#372x2
59|fully covered|org.apache.hc.client5.http.protocol.TestRequestAddCookies#testAddCookiesUsingExplicitCookieSpec#244x2
59|fully covered|org.apache.hc.client5.http.protocol.TestRequestAddCookies#testCookieOrder#437x3
59|fully covered|org.apache.hc.client5.http.protocol.TestRequestAddCookies#testAddCookies#116x2
59|fully covered|org.apache.hc.client5.http.impl.cookie.TestBasicCookieAttribHandlers#testBasicSecureMatch#395,401
64|fully covered|org.apache.hc.client5.http.impl.integration.TestAbortHandling#testAbortRetry_HTTPCLIENT_1120#108
64|fully covered|org.apache.hc.client5.http.impl.integration.TestAbortHandling#testSocketConnectFailureReleasesConnection#310
64|fully covered|org.apache.hc.client5.http.impl.integration.TestBasicConnectionManager#testConnectionStillInUse#58
64|fully covered|org.apache.hc.client5.http.impl.integration.TestBasicConnectionManager#testBasics#46
64|fully covered|org.apache.hc.client5.http.impl.integration.TestClientAuthentication#testAuthenticationTargetAsProxy#666
64|fully covered|org.apache.hc.client5.http.impl.integration.TestClientAuthentication#testBasicAuthenticationFailureOnNonRepeatablePutDontExpectContinue#290
64|fully covered|org.apache.hc.client5.http.impl.integration.TestClientAuthentication#testBasicAuthenticationSuccessOnNonRepeatablePutExpectContinue#264
64|fully covered|org.apache.hc.client5.http.impl.integration.TestClientAuthentication#testAuthenticationUserinfoInRedirectSuccess#548
64|fully covered|org.apache.hc.client5.http.impl.integration.TestClientAuthentication#testAuthenticationCredentialsCachingReauthenticationOnDifferentRealm#461
64|fully covered|org.apache.hc.client5.http.impl.integration.TestClientAuthentication#testBasicAuthenticationNoCreds#181
64|fully covered|org.apache.hc.client5.http.impl.integration.TestClientAuthentication#testBasicAuthenticationCredentialsCaching#393
64|fully covered|org.apache.hc.client5.http.impl.integration.TestClientAuthentication#testBasicAuthenticationSuccess#225
64|fully covered|org.apache.hc.client5.http.impl.integration.TestClientAuthentication#testPreemptiveAuthenticationFailure#627
64|fully covered|org.apache.hc.client5.http.impl.integration.TestClientAuthentication#testAuthenticationUserinfoInRequestSuccess#494
64|fully covered|org.apache.hc.client5.http.impl.integration.TestClientAuthentication#testBasicAuthenticationFailure#203
64|fully covered|org.apache.hc.client5.http.impl.integration.TestClientAuthentication#testBasicAuthenticationFailureOnNonRepeatablePost#341
64|fully covered|org.apache.hc.client5.http.impl.integration.TestClientAuthentication#testAuthenticationUserinfoInRequestFailure#509
64|fully covered|org.apache.hc.client5.http.impl.integration.TestClientAuthentication#testPreemptiveAuthentication#601
64|fully covered|org.apache.hc.client5.http.impl.integration.TestClientAuthentication#testConnectionCloseAfterAuthenticationSuccess#708
64|fully covered|org.apache.hc.client5.http.impl.integration.TestClientAuthentication#testBasicAuthenticationSuccessOnRepeatablePost#314
64|fully covered|org.apache.hc.client5.http.impl.integration.TestClientAuthenticationFakeNTLM#testNTLMAuthenticationFailure#90
64|fully covered|org.apache.hc.client5.http.impl.integration.TestClientAuthenticationFakeNTLM#testNTLMType2MessageOnlyAuthenticationFailure#207
64|fully covered|org.apache.hc.client5.http.impl.integration.TestClientAuthenticationFakeNTLM#testNTLMv2Type2Message#164
64|fully covered|org.apache.hc.client5.http.impl.integration.TestClientAuthenticationFakeNTLM#testNTLMType2NonUnicodeMessageOnlyAuthenticationFailure#228
64|fully covered|org.apache.hc.client5.http.impl.integration.TestClientAuthenticationFakeNTLM#testNTLMv1Type2Message#140
64|fully covered|org.apache.hc.client5.http.impl.integration.TestClientAuthenticationFallBack#testBasicAuthenticationSuccess#144
64|fully covered|org.apache.hc.client5.http.impl.integration.TestClientReauthentication#testBasicAuthenticationSuccess#185
64|fully covered|org.apache.hc.client5.http.impl.integration.TestClientRequestExecution#testNonCompliantURI#213
64|fully covered|org.apache.hc.client5.http.impl.integration.TestClientRequestExecution#testAutoGeneratedHeaders#150
64|fully covered|org.apache.hc.client5.http.impl.integration.TestClientRequestExecution#testRelativeRequestURIWithFragment#232
64|fully covered|org.apache.hc.client5.http.impl.integration.TestClientRequestExecution#testNonRepeatableEntity#195
64|fully covered|org.apache.hc.client5.http.impl.integration.TestClientRequestExecution#testAbsoluteRequestURIWithFragment#257
64|fully covered|org.apache.hc.client5.http.impl.integration.TestConnectionAutoRelease#testReleaseOnEntityWriteTo#107
64|fully covered|org.apache.hc.client5.http.impl.integration.TestConnectionAutoRelease#testReleaseOnAbort#145
64|fully covered|org.apache.hc.client5.http.impl.integration.TestConnectionAutoRelease#testReleaseOnEntityConsumeContent#71
64|fully covered|org.apache.hc.client5.http.impl.integration.TestConnectionAutoRelease#testReleaseOnIOException#213
64|fully covered|org.apache.hc.client5.http.impl.integration.TestConnectionReuse#testKeepAliveHeaderRespected#205
64|fully covered|org.apache.hc.client5.http.impl.integration.TestContentCodings#testResponseWithNoContent#95
64|fully covered|org.apache.hc.client5.http.impl.integration.TestContentCodings#gzipResponsesWorkWithBasicResponseHandler#254
64|fully covered|org.apache.hc.client5.http.impl.integration.TestContentCodings#testDeflateSupportForServerReturningRfc1950Stream#115
64|fully covered|org.apache.hc.client5.http.impl.integration.TestContentCodings#testHttpEntityWriteToForGzip#220
64|fully covered|org.apache.hc.client5.http.impl.integration.TestContentCodings#deflateResponsesWorkWithBasicResponseHandler#267
64|fully covered|org.apache.hc.client5.http.impl.integration.TestContentCodings#testDeflateSupportForServerReturningRfc1951Stream#135
64|fully covered|org.apache.hc.client5.http.impl.integration.TestContentCodings#testGzipSupport#154
64|fully covered|org.apache.hc.client5.http.impl.integration.TestContentCodings#testHttpEntityWriteToForDeflate#237
64|fully covered|org.apache.hc.client5.http.impl.integration.TestCookieVirtualHost#testCookieMatchingWithVirtualHosts#120
64|fully covered|org.apache.hc.client5.http.impl.integration.TestMalformedServerResponse#testNoContentResponseWithGarbage#115
64|fully covered|org.apache.hc.client5.http.impl.integration.TestRedirects#testRepeatRequestRedirect#506
64|fully covered|org.apache.hc.client5.http.impl.integration.TestRedirects#testDefaultHeadersRedirect#700
64|fully covered|org.apache.hc.client5.http.impl.integration.TestRedirects#testBasicRedirect302NoLocation#331
64|fully covered|org.apache.hc.client5.http.impl.integration.TestRedirects#testMaxRedirectCheck#439
64|fully covered|org.apache.hc.client5.http.impl.integration.TestRedirects#testRelativeRedirect#585
64|fully covered|org.apache.hc.client5.http.impl.integration.TestRedirects#testPostRedirectSeeOther#563
64|fully covered|org.apache.hc.client5.http.impl.integration.TestRedirects#testRejectBogusRedirectLocation#628
64|fully covered|org.apache.hc.client5.http.impl.integration.TestRedirects#testRedirectWithCookie#675
64|fully covered|org.apache.hc.client5.http.impl.integration.TestRedirects#testRejectInvalidRedirectLocation#650
64|fully covered|org.apache.hc.client5.http.impl.integration.TestRedirects#testRelativeRedirect2#608
64|fully covered|org.apache.hc.client5.http.impl.integration.TestRedirects#testRepeatRequest#478
64|fully covered|org.apache.hc.client5.http.impl.integration.TestRedirects#testDifferentRequestSameRedirect#535
64|fully covered|org.apache.hc.client5.http.impl.integration.TestRedirects#testBasicRedirect300#248
64|fully covered|org.apache.hc.client5.http.impl.integration.TestRedirects#testBasicRedirect301#271
64|fully covered|org.apache.hc.client5.http.impl.integration.TestRedirects#testBasicRedirect302#300
64|fully covered|org.apache.hc.client5.http.impl.integration.TestRedirects#testBasicRedirect303#353
64|fully covered|org.apache.hc.client5.http.impl.integration.TestRedirects#testBasicRedirect304#375
64|fully covered|org.apache.hc.client5.http.impl.integration.TestRedirects#testBasicRedirect305#394
64|fully covered|org.apache.hc.client5.http.impl.integration.TestRedirects#testBasicRedirect307#414
64|fully covered|org.apache.hc.client5.http.impl.integration.TestRedirects#testCircularRedirect#459
64|fully covered|org.apache.hc.client5.http.impl.integration.TestSPNegoScheme#testDontTryToAuthenticateEndlessly#171
64|fully covered|org.apache.hc.client5.http.impl.integration.TestSPNegoScheme#testNoTokenGeneratedError#202
64|fully covered|org.apache.hc.client5.http.impl.integration.TestStatefulConnManagement#testRouteSpecificPoolRecylcing#226
64|fully covered|org.apache.hc.client5.http.protocol.TestRequestAddCookies#testAuthDefaultHttpPortWhenProxy#310
64|fully covered|org.apache.hc.client5.http.protocol.TestRequestAddCookies#testAuthScopeInvalidRequestURI#268
64|fully covered|org.apache.hc.client5.http.protocol.TestRequestAddCookies#testAuthScopeRemotePortWhenDirect#285
64|fully covered|org.apache.hc.client5.http.protocol.TestRequestAddCookies#testExcludeExpiredCookies#372
64|fully covered|org.apache.hc.client5.http.protocol.TestRequestAddCookies#testAddCookiesUsingExplicitCookieSpec#244
64|fully covered|org.apache.hc.client5.http.protocol.TestRequestAddCookies#testAuthDefaultHttpsPortWhenProxy#336
64|fully covered|org.apache.hc.client5.http.protocol.TestRequestAddCookies#testNoMatchingCookies#401
64|fully covered|org.apache.hc.client5.http.protocol.TestRequestAddCookies#testCookieOrder#437
64|fully covered|org.apache.hc.client5.http.protocol.TestRequestAddCookies#testAddCookies#116
64|fully covered|org.apache.hc.client5.http.protocol.TestResponseProcessCookies#setUp#54x6
